"Id","SalePrice"
1461,110705.882099556
1462,165287.177155704
1463,181136.251436769
1464,193634.160030906
1465,211174.272031641
1466,174564.07462382
1467,177823.312199859
1468,163827.76662917
1469,207915.746808347
1470,116996.922806711
1471,164858.009744377
1472,93230.6327440153
1473,93554.9930100972
1474,147140.553337978
1475,101457.826361405
1476,378766.587296006
1477,255090.676592781
1478,286856.989415199
1479,316201.876184641
1480,469257.442906175
1481,315305.14710776
1482,209724.801878893
1483,175127.045062895
1484,155377.915829697
1485,171618.787668398
1486,193048.341620498
1487,335719.645119424
1488,NA
1489,201107.603719719
1490,257267.572053482
1491,199669.931156324
1492,96504.3810414723
1493,192547.277994526
1494,295694.765985336
1495,298969.917513553
1496,253316.586842054
1497,178485.664576273
1498,160491.792988902
1499,151050.8354176
1500,146789.754036236
1501,173574.051350923
1502,139434.539446891
1503,287062.212947319
1504,235329.624783964
1505,224822.493084473
1506,195928.903002433
1507,244985.085308952
1508,200063.601554044
1509,160527.008304463
1510,145225.613561128
1511,149842.426802954
1512,178368.643546772
1513,149119.402637215
1514,150827.145970138
1515,219004.048863003
1516,153887.771469205
1517,184509.778974325
1518,122696.763259363
1519,202813.057180844
1520,132123.167138635
1521,139239.041466266
1522,177681.269179262
1523,110583.07312223
1524,128469.123691788
1525,121842.595205594
1526,107979.4196342
1527,98119.6048597683
1528,132543.143269682
1529,144028.692467413
1530,202303.821223925
1531,116290.660300947
1532,97542.6651453551
1533,153328.61309643
1534,129145.561909446
1535,161509.094552191
1536,102862.031224963
1537,48076.178856187
1538,158016.039804938
1539,200804.750229969
1540,122086.166289699
1541,136276.822981156
1542,160468.769242155
1543,194143.92235614
1544,88728.9106980777
1545,130762.018179657
1546,143446.3792288
1547,137928.588372779
1548,155064.293226018
1549,126653.722683302
1550,148326.185009974
1551,119859.530931998
1552,145975.70728128
1553,140960.61237957
1554,123295.451971969
1555,176525.793545482
1556,NA
1557,125004.899345094
1558,102551.154019608
1559,88501.8692917178
1560,142828.577753864
1561,122894.823163976
1562,125091.59112458
1563,116867.8492837
1564,169150.173829848
1565,148530.041583015
1566,239185.569146361
1567,69577.2443777609
1568,219354.723860964
1569,125991.391356046
1570,127133.19004453
1571,107557.591638483
1572,145131.059992061
1573,254091.504018473
1574,130090.368535651
1575,235726.388467929
1576,245754.545380001
1577,178637.283234086
1578,152396.955491475
1579,145996.360166894
1580,197548.531713344
1581,144118.887577647
1582,136266.472260644
1583,275849.293017098
1584,219320.854590537
1585,136335.057294435
1586,NA
1587,96930.6771202129
1588,163991.372616839
1589,96596.2407469006
1590,134568.492937299
1591,87024.9821168532
1592,117410.313480593
1593,123597.463814752
1594,NA
1595,110709.705678724
1596,232368.284742592
1597,195692.282939608
1598,198827.759448572
1599,197028.525711852
1600,171912.549424622
1601,57713.9637945913
1602,112606.703519727
1603,83451.7415061686
1604,278470.08421788
1605,221248.386160267
1606,165271.235573849
1607,168721.052696411
1608,188877.505667036
1609,181596.16235305
1610,146541.937569827
1611,131543.202750803
1612,188691.651056095
1613,155338.248279939
1614,132410.861420788
1615,85768.3350738323
1616,68938.9948220001
1617,93463.4142237313
1618,116113.824556795
1619,131122.876485631
1620,161538.92966468
1621,133939.433813865
1622,145762.394736652
1623,260523.387745697
1624,201980.235644949
1625,122789.201785732
1626,173971.131061382
1627,190075.584274985
1628,278369.266879364
1629,175650.472780338
1630,378146.386532541
1631,236181.335387942
1632,251787.422045118
1633,163856.20978675
1634,185863.79046339
1635,175736.464548921
1636,155193.512974742
1637,192688.059525055
1638,179250.309214315
1639,188855.839894755
1640,254803.08270027
1641,188251.432123826
1642,261288.080375266
1643,218695.615482803
1644,231622.709019134
1645,195021.573526715
1646,157391.977131331
1647,158457.614734229
1648,134944.042443432
1649,135758.731846097
1650,110135.160059206
1651,110192.021554885
1652,95590.9331145468
1653,99261.1607073137
1654,146999.528014264
1655,127608.300787461
1656,143081.755878809
1657,154502.181769146
1658,149434.711191651
1659,126148.547050494
1660,150109.199835499
1661,396175.636445352
1662,387964.013711003
1663,378582.753297754
1664,471756.755368536
1665,332338.281847035
1666,324331.359435512
1667,373029.026318822
1668,355211.773192036
1669,322148.623556271
1670,358245.336242438
1671,271707.902419859
1672,406052.366650754
1673,284955.6124362
1674,245613.642857427
1675,210007.62152877
1676,202829.712545345
1677,214381.5229543
1678,461539.064868795
1679,392479.433671095
1680,340025.1999809
1681,285225.737811711
1682,327911.342753296
1683,198395.365494102
1684,175335.016527415
1685,177062.677697054
1686,161528.355774341
1687,165363.449378663
1688,187235.894603906
1689,189635.072640101
1690,191561.300932188
1691,176490.273958098
1692,256578.69431466
1693,163735.77235922
1694,178724.996038662
1695,160556.913180487
1696,249691.524531024
1697,168342.881179034
1698,345636.127687426
1699,312337.62250997
1700,271575.08221349
1701,289443.240818269
1702,219678.53351922
1703,216028.098861788
1704,271053.766772466
1705,252959.903528255
1706,420929.279189398
1707,239489.566127398
1708,205976.872837334
1709,245531.8959954
1710,219625.371776992
1711,270238.639737184
1712,261769.485199653
1713,285134.924775992
1714,225025.212509886
1715,209098.08647616
1716,182288.566872472
1717,168473.637895821
1718,143861.366809843
1719,226743.703153461
1720,221820.527182766
1721,144516.034501203
1722,116118.494791553
1723,141433.124561271
1724,211292.257212191
1725,237750.538965301
1726,186835.76648301
1727,149558.488944446
1728,153565.296069569
1729,181559.991639161
1730,NA
1731,116391.431780186
1732,116748.279521348
1733,118963.045010567
1734,112163.47058737
1735,116912.63842571
1736,106288.998771461
1737,298895.76212526
1738,268644.349592606
1739,263590.481997565
1740,215620.356819886
1741,187974.132567092
1742,170261.505286387
1743,167751.471726909
1744,330989.243837438
1745,223659.036515237
1746,199187.978122901
1747,199862.676734194
1748,217899.091741296
1749,145596.576263944
1750,134728.24446921
1751,229187.961989422
1752,119689.038342548
1753,160320.129983117
1754,197506.043499262
1755,161154.906587318
1756,130322.914833121
1757,115245.862809146
1758,152247.319316816
1759,168419.905562441
1760,154313.492140746
1761,154940.037970789
1762,188803.536303152
1763,195260.150284495
1764,107867.210486867
1765,188964.063745231
1766,188085.824613114
1767,219768.93303762
1768,147301.185280348
1769,173720.091616027
1770,149584.923632236
1771,121731.74579193
1772,138067.640414512
1773,117074.111048795
1774,142056.358193097
1775,147567.076086709
1776,122922.837115293
1777,108128.082226264
1778,147907.996212594
1779,NA
1780,170004.599580782
1781,132312.996483679
1782,75911.6018596098
1783,129779.869780506
1784,97565.9322209768
1785,138077.820472346
1786,124916.256838691
1787,149713.042048322
1788,41891.6753625937
1789,99445.5035407471
1790,52025.8356761621
1791,188873.801689378
1792,163198.63071098
1793,133181.729657937
1794,167123.476869915
1795,136846.878593448
1796,137896.865564689
1797,115564.657462106
1798,116455.319878319
1799,109852.503156572
1800,115549.191813316
1801,118127.403613022
1802,121467.213912807
1803,162103.507968053
1804,138948.162973303
1805,143160.441002094
1806,139696.669769616
1807,152964.911255897
1808,122178.974819515
1809,122496.038567975
1810,145378.0604526
1811,98521.2278034494
1812,106280.965437208
1813,133105.434709308
1814,93780.2843485523
1815,NA
1816,102999.213147696
1817,111109.111524836
1818,185437.452538193
1819,140782.09956796
1820,49151.6953674113
1821,105913.25325816
1822,143238.397831938
1823,31074.3459212655
1824,146834.439994228
1825,142194.106457352
1826,106802.517767997
1827,104609.859951959
1828,153383.771237681
1829,138736.6268294
1830,152869.836135911
1831,161175.011565941
1832,29038.7504655307
1833,154005.07394825
1834,112515.801975618
1835,110234.820386089
1836,140756.492542698
1837,77136.9291618493
1838,107122.118571525
1839,106034.174340282
1840,144523.233649021
1841,139048.007091902
1842,73899.7136152519
1843,131765.766688112
1844,157376.171559172
1845,139624.839496644
1846,149601.462836745
1847,177075.471796672
1848,NA
1849,NA
1850,113460.54384748
1851,145851.689899736
1852,115952.454546116
1853,110406.908569449
1854,159871.126877938
1855,154723.348111224
1856,218514.777223549
1857,NA
1858,NA
1859,NA
1860,139694.519189059
1861,NA
1862,277536.522964744
1863,267455.528603659
1864,267474.148794273
1865,360329.777497157
1866,346323.641234468
1867,213517.412323811
1868,286390.976310535
1869,205684.940746307
1870,212828.178309981
1871,259546.069515347
1872,178359.37248647
1873,240902.32307783
1874,147395.09461039
1875,165935.871668581
1876,197662.177570358
1877,208955.535164659
1878,189602.087386695
1879,143060.680932973
1880,150435.444940897
1881,233300.723047021
1882,237907.15981499
1883,189797.145443723
1884,201762.597404911
1885,227130.567836621
1886,298254.465034648
1887,213747.277731193
1888,249826.102374387
1889,169412.355762146
1890,108233.440668195
1891,132826.141802492
1892,99398.2333403704
1893,135002.059494832
1894,115338.99491234
1895,143392.476917885
1896,129717.760545118
1897,127399.147029522
1898,104440.351714642
1899,167021.579110449
1900,159151.507880325
1901,191119.506052751
1902,168526.280104933
1903,233294.239128704
1904,142679.725505829
1905,199988.435586471
1906,157378.761413596
1907,222054.944880329
1908,112088.519554486
1909,140536.114296289
1910,122464.771656553
1911,218709.840485708
1912,302645.222863223
1913,137015.852321045
1914,63651.0119301917
1915,343159.17349585
1916,NA
1917,224622.75386304
1918,134290.15525163
1919,160533.158741076
1920,158984.302755494
1921,383059.799510889
1922,333916.126727038
1923,234788.243837217
1924,204124.075400097
1925,202254.371700769
1926,371845.98985307
1927,132552.704336576
1928,163716.953431644
1929,120147.895880557
1930,119385.475983172
1931,132462.197802198
1932,132899.161314157
1933,197137.873504474
1934,186391.990072366
1935,169211.198890251
1936,207483.512665451
1937,181582.328317649
1938,175148.014412274
1939,278339.974216555
1940,210516.145911705
1941,168353.382572533
1942,169921.014977615
1943,248692.947655778
1944,378347.736800322
1945,422270.375067004
1946,125096.837738207
1947,339095.906877222
1948,170616.468226166
1949,247820.812898054
1950,183291.506547923
1951,254047.659177561
1952,211241.56718117
1953,161556.993417175
1954,185467.305729251
1955,137674.78973847
1956,291579.130620999
1957,162060.813159242
1958,240598.053570518
1959,132093.482880008
1960,107019.05823039
1961,106602.268545528
1962,98968.6830424457
1963,105542.826807055
1964,108083.951846897
1965,140079.742228304
1966,136613.67039521
1967,295468.510381771
1968,410764.198856118
1969,398654.378414595
1970,408304.863415242
1971,417052.687657556
1972,368354.623587788
1973,289443.703894781
1974,340407.999516823
1975,487335.247523276
1976,274475.264757308
1977,350366.098385271
1978,357650.297736478
1979,318384.444647361
1980,202648.331458814
1981,346919.770539972
1982,217246.848879776
1983,203636.503582066
1984,187517.733849318
1985,220952.724568066
1986,207614.731676964
1987,211544.066722438
1988,175936.704489062
1989,191192.944287187
1990,207653.542635266
1991,230114.509871563
1992,217744.732156298
1993,164811.131071548
1994,229129.602037098
1995,182071.37767305
1996,278475.244922211
1997,336263.436902126
1998,320057.428153247
1999,321917.574709883
2000,328062.475697595
2001,291297.127195106
2002,266678.698628761
2003,248521.017417153
2004,269077.493336879
2005,245600.524349179
2006,218801.437776053
2007,246913.95861845
2008,219593.458187443
2009,190734.556060241
2010,193508.094821816
2011,128909.277537513
2012,175404.227938261
2013,179326.066509565
2014,191023.691228515
2015,210337.743879704
2016,190803.23361517
2017,197889.242308456
2018,90978.8354984295
2019,128958.086912551
2020,88937.9372667291
2021,99620.6337268393
2022,205286.684611077
2023,141622.076569285
2024,298860.831459957
2025,358799.765643965
2026,175630.38681375
2027,153027.895281853
2028,159362.667185638
2029,163624.928785102
2030,260546.547006941
2031,240620.681422502
2032,267761.207606699
2033,256359.408931795
2034,163597.740118168
2035,227379.741883542
2036,190325.664367912
2037,194838.499361456
2038,302009.384583818
2039,213990.928084956
2040,291490.160517382
2041,301737.319338747
2042,217434.847673582
2043,169592.179226084
2044,174514.223367277
2045,213214.495848567
2046,133036.588776639
2047,143870.913011549
2048,127944.850029912
2049,138556.415438821
2050,175068.216453695
2051,NA
2052,115669.07056648
2053,142750.033553154
2054,89271.4327378106
2055,172703.36633025
2056,146000.998423449
2057,105020.144877024
2058,212782.05932815
2059,131432.901698021
2060,175838.735643668
2061,176109.934175867
2062,125526.646927432
2063,106038.606545809
2064,139241.668381493
2065,104587.813032135
2066,175282.241503938
2067,NA
2068,144849.882359913
2069,NA
2070,113725.28485944
2071,83289.9612613533
2072,138474.70962433
2073,132861.488681327
2074,162493.645344331
2075,161610.913612576
2076,124528.309774286
2077,141732.220855187
2078,119456.549266752
2079,127762.37470195
2080,112531.256041
2081,129178.868302978
2082,119584.337605309
2083,154534.972154929
2084,105296.000862322
2085,92497.5182476319
2086,105732.068170553
2087,124427.826714437
2088,101060.918371685
2089,71804.8594225862
2090,126684.895431071
2091,91182.7312212272
2092,132470.261294271
2093,168203.48916906
2094,113978.174231681
2095,138855.723186721
2096,81878.2574381487
2097,99068.7177769336
2098,154113.906660455
2099,34833.9517195069
2100,54828.7102405742
2101,106941.783834234
2102,133979.761180806
2103,89583.8234236078
2104,157751.463366977
2105,135841.573355063
2106,46074.4747676114
2107,206899.166722258
2108,120254.133614706
2109,111307.332754482
2110,130757.543554428
2111,155005.561754035
2112,154498.303980877
2113,130423.707271611
2114,125781.045343014
2115,178401.478330215
2116,128449.977288955
2117,151998.238607109
2118,127978.041346022
2119,117767.621256157
2120,108735.963244654
2121,NA
2122,118436.535309878
2123,NA
2124,183199.914663451
2125,137181.886901547
2126,145985.768433241
2127,181913.070028732
2128,144547.126009428
2129,88155.8937059412
2130,137916.759763666
2131,127366.122334009
2132,121519.522322635
2133,125249.585081208
2134,110268.798836759
2135,78678.0526369153
2136,57719.975268197
2137,105348.189326597
2138,128044.017769607
2139,149882.76271116
2140,141641.355592084
2141,178881.340045021
2142,129034.028229098
2143,143324.436035983
2144,108385.065998014
2145,133651.828025548
2146,193733.460881653
2147,122830.887924488
2148,139274.195565969
2149,147942.601835358
2150,240615.738137801
2151,111071.124734915
2152,179367.088690797
2153,169774.855381757
2154,99729.6188398543
2155,147471.885859436
2156,268049.499007654
2157,225695.60883982
2158,238871.244920772
2159,217937.538584592
2160,183401.630961315
2161,226180.287446509
2162,354801.515895288
2163,322816.26088809
2164,236739.901407503
2165,190979.929105166
2166,151609.034302711
2167,226855.382303252
2168,171603.076880018
2169,196635.914626693
2170,208543.028067834
2171,159438.005361554
2172,146262.816626014
2173,170167.851553258
2174,229718.801011578
2175,268622.910179375
2176,312141.044827124
2177,245865.623295025
2178,211114.344791381
2179,132202.898632821
2180,234847.344805678
2181,192665.029452964
2182,213617.215687875
2183,189396.514083242
2184,115831.979716204
2185,122823.041468616
2186,157273.967383177
2187,153852.821926631
2188,161350.659594506
2189,NA
2190,NA
2191,NA
2192,79436.3849409305
2193,115294.562218257
2194,NA
2195,97733.3847015144
2196,112151.908959464
2197,113713.006193695
2198,171311.127654726
2199,164661.669008937
2200,145001.996636446
2201,145063.480122706
2202,209195.900826417
2203,153029.357276835
2204,194864.090593684
2205,131251.930965439
2206,150520.937961866
2207,214981.847637228
2208,247514.068312879
2209,248658.023592337
2210,126292.666717383
2211,120499.155685369
2212,124581.954941364
2213,105266.885619505
2214,140916.493904167
2215,98321.1046353844
2216,163867.791734299
2217,NA
2218,NA
2219,NA
2220,59632.1485390091
2221,343159.17349585
2222,305622.459405148
2223,264509.23668285
2224,197160.3295638
2225,NA
2226,189183.792858107
2227,186513.783209719
2228,273988.945974439
2229,235076.831437632
2230,140997.061108539
2231,206515.097587089
2232,178403.014828474
2233,184249.596885743
2234,239570.041013677
2235,234487.888996093
2236,244194.449540598
2237,292567.243791067
2238,194952.471128155
2239,100997.207226846
2240,150135.032051556
2241,139655.160379186
2242,126601.25706547
2243,131323.527462231
2244,98495.4959902197
2245,113126.340100849
2246,144551.381125899
2247,117791.601359486
2248,119216.311945726
2249,118569.071789695
2250,131095.052741269
2251,92473.8535869258
2252,194578.878096672
2253,154871.673319518
2254,180596.498665167
2255,187849.780686134
2256,177848.711236734
2257,204181.252262899
2258,160036.251926208
2259,182589.33917117
2260,163474.161705595
2261,219630.836998414
2262,252864.670084623
2263,378110.431470807
2264,411685.440435335
2265,182675.218455711
2266,334084.168634725
2267,389432.702151155
2268,427234.233190253
2269,141926.388572882
2270,177799.900725559
2271,213581.130323235
2272,202340.419191189
2273,154031.393910385
2274,169055.705257629
2275,140971.774822375
2276,171273.461684685
2277,170630.304552186
2278,149027.300329198
2279,130628.395688114
2280,111090.022615894
2281,149729.396827735
2282,157882.519181965
2283,107972.278478773
2284,129790.859539333
2285,141505.921949673
2286,124994.228366379
2287,383730.945720767
2288,293281.100156983
2289,352004.769302932
2290,440922.640136089
2291,356122.017182373
2292,415982.640769757
2293,460952.102679716
2294,399255.987202033
2295,438957.336374827
2296,284021.372722648
2297,381521.230946161
2298,371970.217038044
2299,353602.214998712
2300,326963.186841729
2301,324871.465849646
2302,261194.457466869
2303,247923.763269328
2304,260638.256327164
2305,212507.057209498
2306,204401.107692367
2307,208755.08865179
2308,216286.523438169
2309,307457.112913936
2310,213188.883600398
2311,214833.190061875
2312,178991.114827405
2313,168121.212985461
2314,174465.739333799
2315,182987.438319329
2316,200522.707849567
2317,190071.07193303
2318,182775.108312322
2319,183418.379880888
2320,188219.186854388
2321,237776.145352449
2322,199334.039398451
2323,191003.36948335
2324,162486.218746643
2325,211086.041573368
2326,167725.790374592
2327,202671.688592705
2328,214992.81071365
2329,188196.838892223
2330,177072.035738233
2331,337907.882974389
2332,399871.556798695
2333,325053.662714881
2334,282544.121713802
2335,303079.049200407
2336,320298.234258579
2337,207902.646500547
2338,254112.378342435
2339,220339.300781007
2340,392290.738086749
2341,212610.199541986
2342,239515.337810825
2343,233957.434576525
2344,223696.491817743
2345,236104.21843645
2346,216529.764941291
2347,208939.670250778
2348,247054.107210051
2349,NA
2350,318826.414329495
2351,290689.450099647
2352,249545.491450347
2353,254487.635328128
2354,152375.107844616
2355,152990.500598448
2356,140906.772173248
2357,194114.245237032
2358,199592.304991693
2359,126511.931320446
2360,112240.802716162
2361,148283.622802582
2362,254865.39537303
2363,154746.565262794
2364,153001.240200775
2365,205636.318799179
2366,182207.17577142
2367,210926.881509537
2368,231306.553217167
2369,210416.641827058
2370,164979.166521936
2371,162267.908234809
2372,193468.855687248
2373,286684.234945654
2374,307725.734138068
2375,215918.625043508
2376,291830.13127423
2377,336555.371997347
2378,134638.404875443
2379,217509.934234157
2380,119919.759319296
2381,158832.118342205
2382,197599.046952073
2383,194494.218134122
2384,228020.395703965
2385,159377.962718997
2386,128349.86683416
2387,129352.03860301
2388,NA
2389,118673.278619438
2390,149183.252633962
2391,147291.133525302
2392,111337.985059749
2393,165293.038806905
2394,147908.076749953
2395,201005.478383932
2396,148396.546137432
2397,219134.469832251
2398,112499.711563441
2399,72626.0290655661
2400,56401.8551502079
2401,122436.959124798
2402,133606.99139658
2403,137669.783489625
2404,148207.129269041
2405,151616.931444931
2406,137797.358509112
2407,130552.44635393
2408,139822.654890064
2409,122731.550745966
2410,187805.383535857
2411,112746.445438069
2412,165691.176991549
2413,124824.467616386
2414,172704.782250689
2415,126182.772731757
2416,131448.922204687
2417,129462.675551211
2418,123244.884197779
2419,125336.273232885
2420,120847.827961929
2421,178937.282336422
2422,102626.411213644
2423,110308.006723385
2424,143042.806810183
2425,199962.128342074
2426,133012.208135648
2427,130048.008860352
2428,162270.322885934
2429,108095.754775885
2430,137986.344919813
2431,102943.798842621
2432,134286.3265964
2433,139701.920920812
2434,127666.781252964
2435,160611.840934842
2436,NA
2437,77385.1537272437
2438,116810.151463764
2439,91626.9205146894
2440,128564.78421827
2441,106111.589484268
2442,98275.495533226
2443,134102.024850611
2444,125664.550769172
2445,87671.7762112303
2446,133364.383447889
2447,182280.301166946
2448,138921.250326999
2449,110164.866195042
2450,155870.370685607
2451,137704.731194143
2452,202054.369882988
2453,NA
2454,NA
2455,116485.142777624
2456,153445.957169114
2457,136367.224068979
2458,140886.059609985
2459,116542.829940373
2460,145185.264972303
2461,138708.571089428
2462,143793.561195714
2463,138649.543009788
2464,184933.350513985
2465,138029.213578951
2466,111472.944516308
2467,133454.499285931
2468,94993.1700283781
2469,97396.8696629059
2470,203617.161283218
2471,208875.101608111
2472,182972.050620811
2473,121380.089188197
2474,NA
2475,205940.052661527
2476,122394.780073666
2477,121961.69435699
2478,158848.074864
2479,100800.058666902
2480,163158.504311248
2481,121561.014396337
2482,105040.025984723
2483,111147.634982604
2484,120066.25074852
2485,118913.337137749
2486,138075.930244264
2487,179308.67229372
2488,163210.93970161
2489,157845.20899163
2490,140061.792084844
2491,NA
2492,180010.028782471
2493,147632.941641981
2494,151200.780798037
2495,80637.3753930592
2496,223264.55018672
2497,156424.395759564
2498,114813.825600538
2499,NA
2500,113892.509384179
2501,142221.902779596
2502,155800.487932517
2503,102123.207809073
2504,218949.689304762
2505,214853.450969855
2506,239345.573128817
2507,273009.782901234
2508,239877.50668231
2509,209753.335723802
2510,206347.524639813
2511,179723.103461859
2512,221295.256639251
2513,211585.47930876
2514,290080.820492183
2515,158035.570454302
2516,168066.650652184
2517,145521.790426346
2518,144111.377542468
2519,244641.417825452
2520,216706.039217874
2521,190499.813103332
2522,218063.94099797
2523,114586.929646443
2524,140513.232820947
2525,158579.108036975
2526,153061.943394584
2527,126490.729612753
2528,131999.294567213
2529,152678.153319473
2530,129717.837732542
2531,258134.8433385
2532,221028.099053784
2533,192584.002636371
2534,238842.363003935
2535,273805.948583871
2536,223339.977274641
2537,253856.916516885
2538,189245.442580547
2539,182627.47817717
2540,188357.772940868
2541,182808.970693407
2542,169448.752674794
2543,115522.375078415
2544,117526.703586632
2545,130056.157802078
2546,125990.084790614
2547,142146.271386129
2548,NA
2549,148390.702359613
2550,665182.760560391
2551,133031.371696653
2552,120083.155533862
2553,NA
2554,78528.1641990097
2555,96365.3762289486
2556,90064.5786115465
2557,93679.2610376118
2558,184724.579686703
2559,156256.356537975
2560,165542.436741968
2561,154560.103310203
2562,157256.997020483
2563,166006.124586827
2564,192013.57282196
2565,NA
2566,170569.414208317
2567,143506.570731056
2568,221723.980233833
2569,228780.561729928
2570,116997.307396068
2571,197106.467282245
2572,164134.94442247
2573,219321.107835888
2574,307654.625497473
2575,139580.591546874
2576,124420.484564097
2577,NA
2578,83118.7913968205
2579,NA
2580,108117.886938297
2581,127650.326097993
2582,136390.123746108
2583,277275.680608538
2584,167299.734801528
2585,176954.541433072
2586,212726.357406264
2587,201432.76386746
2588,135863.912891474
2589,147900.582921632
2590,192200.118048844
2591,217067.458088817
2592,215374.117182837
2593,258277.379489449
2594,183149.581693877
2595,207762.448313651
2596,263010.407458853
2597,201402.88259111
2598,271969.915660803
2599,343994.631570905
2600,NA
2601,122161.399128681
2602,74585.5738281654
2603,82059.9088708006
2604,87939.9958497355
2605,68235.0892032135
2606,136344.931403044
2607,189777.968903086
2608,194307.473430738
2609,157182.928279935
2610,110626.608720841
2611,140719.796662029
2612,152964.219273607
2613,121513.763412805
2614,117755.216196095
2615,148965.052504244
2616,146428.038949992
2617,204973.663756875
2618,209998.397685932
2619,213584.048806268
2620,177428.586556638
2621,176564.644758723
2622,181783.268191227
2623,233284.805780319
2624,276829.694017147
2625,303375.134701635
2626,170694.12201456
2627,190710.494171368
2628,459009.142351234
2629,489595.630204026
2630,389184.301992614
2631,454094.636104318
2632,406002.763533653
2633,325518.842700436
2634,424944.344463121
2635,139949.501290784
2636,174807.763822169
2637,199030.060511913
2638,271658.493607047
2639,188382.594138188
2640,150388.232006821
2641,93442.6343672497
2642,158378.269251272
2643,107880.892850153
2644,127092.272112807
2645,109435.360556925
2646,93386.1077702374
2647,102074.927452569
2648,139142.956100074
2649,158068.941703873
2650,127002.150166895
2651,137345.502091237
2652,398174.124363425
2653,260312.969902493
2654,281830.223286038
2655,406123.628051108
2656,324228.772884393
2657,377890.086060739
2658,337536.027634183
2659,340787.190232272
2660,367312.661070323
2661,367766.29829382
2662,387316.686933991
2663,282328.449769667
2664,299342.80674884
2665,333017.640456554
2666,292470.526863514
2667,179016.290387298
2668,184537.020935094
2669,187014.415254852
2670,264918.899145944
2671,188482.194724185
2672,190607.315261736
2673,195730.984395338
2674,198661.546279791
2675,183133.643439421
2676,191163.988583343
2677,208615.838400477
2678,228083.167919346
2679,280264.458922433
2680,297493.037239952
2681,404610.941902144
2682,322285.463664964
2683,453203.940732493
2684,328797.68290598
2685,323313.843113853
2686,248889.455017304
2687,310658.532241286
2688,224521.63066665
2689,213711.738869776
2690,397575.828734654
2691,203033.252780838
2692,148593.036493684
2693,204924.284940421
2694,135302.573495566
2695,194918.141839791
2696,185046.708962173
2697,187891.63444972
2698,186056.903407475
2699,169183.304644598
2700,146416.299452723
2701,133930.644238025
2702,89026.4915886169
2703,NA
2704,140219.588349782
2705,113029.840824653
2706,91236.5681863644
2707,101749.501000738
2708,142657.311395209
2709,117842.620300024
2710,134775.426075286
2711,360674.302257616
2712,405443.031581419
2713,170663.977131458
2714,143303.162978169
2715,168388.639733465
2716,136423.125330898
2717,198229.134326793
2718,222404.221342158
2719,142940.440516212
2720,165669.115319347
2721,127500.326599841
2722,153206.730778748
2723,143478.023735683
2724,127776.205996548
2725,128130.007230579
2726,142561.389198757
2727,159443.921234398
2728,177888.017093107
2729,146906.395763416
2730,150422.187118572
2731,123296.624764133
2732,124270.815613047
2733,161572.094552557
2734,157746.281820753
2735,137734.743510716
2736,136286.612535708
2737,118679.991972418
2738,131617.811911185
2739,158236.100647141
2740,139668.050974111
2741,145422.964072115
2742,151302.690580915
2743,150525.057365799
2744,154143.776464676
2745,143972.497609803
2746,124748.904827831
2747,155177.237971689
2748,108967.259598379
2749,124870.311579347
2750,111005.450745926
2751,118338.925228722
2752,196026.678670844
2753,136400.968704526
2754,213456.645948268
2755,133393.717466866
2756,84670.3043640158
2757,50293.1203343626
2758,83511.1763170072
2759,156897.229745242
2760,122324.252522141
2761,138238.264082454
2762,141688.922098338
2763,183969.247486538
2764,NA
2765,288916.014086377
2766,129016.110236298
2767,NA
2768,116126.936678906
2769,125161.140187307
2770,143572.767343456
2771,101290.153875086
2772,105540.192053829
2773,162772.667363085
2774,151427.740502445
2775,141828.12501739
2776,144959.985784853
2777,132302.711459587
2778,121038.138921476
2779,124647.658696256
2780,98740.4672447324
2781,95298.6650935822
2782,84208.639585943
2783,101365.462289889
2784,121973.636455971
2785,132726.524769898
2786,53705.8515340335
2787,131794.568688804
2788,62154.4330580887
2789,173068.733241841
2790,88457.7399988314
2791,107798.76557884
2792,68373.8431202063
2793,170847.45260331
2794,96799.0767756355
2795,135088.952266809
2796,93099.27169115
2797,217584.212336864
2798,108251.361371744
2799,111127.987147562
2800,57876.5116306846
2801,104737.961187989
2802,131625.350569757
2803,158866.484064683
2804,NA
2805,NA
2806,80757.4182525592
2807,158789.717304518
2808,154960.348921329
2809,135286.138463443
2810,132253.738465553
2811,158917.884211592
2812,180929.250412725
2813,154752.241828341
2814,162074.704132536
2815,88063.466901151
2816,213974.170295216
2817,123697.575496099
2818,119829.846561728
2819,151317.495025686
2820,138465.292304121
2821,86455.481776797
2822,185082.440425588
2823,297820.517427434
2824,173159.486592697
2825,NA
2826,130864.073125275
2827,140291.205669682
2828,244813.402816422
2829,199493.177948356
2830,226649.700838849
2831,180569.083535675
2832,257256.795006142
2833,317276.62034712
2834,238680.604303125
2835,231025.110101753
2836,188538.22558782
2837,168157.202004314
2838,150453.366897118
2839,147646.159553108
2840,204737.106564832
2841,201190.762033065
2842,221941.046624534
2843,162238.2342161
2844,184052.430387076
2845,123905.047026486
2846,199831.220526952
2847,209783.055088177
2848,214874.073201151
2849,201410.383391043
2850,263215.866261438
2851,208044.295792685
2852,235334.156368504
2853,227770.133670685
2854,137080.149190295
2855,203014.743726682
2856,209082.479949349
2857,188923.505671378
2858,205262.368851454
2859,73640.8498743872
2860,148979.790269205
2861,131568.140414183
2862,183049.325365015
2863,125828.03688051
2864,250495.7515161
2865,143648.543836881
2866,135648.298833356
2867,96562.1739549298
2868,101056.107417212
2869,110456.632798611
2870,119115.32504789
2871,71054.7260577779
2872,12018.0203439411
2873,81143.4363055672
2874,158443.125398503
2875,121297.303634069
2876,158657.735905262
2877,154478.582980234
2878,168735.223363413
2879,143749.069564243
2880,118263.846956964
2881,152942.550040102
2882,203543.000168938
2883,202654.423781107
2884,205371.301564561
2885,195174.626470495
2886,244354.25585122
2887,119700.698779387
2888,137388.849582271
2889,26000.5969649352
2890,69299.581230221
2891,143326.644956991
2892,NA
2893,89558.2372360932
2894,51460.7597086602
2895,333371.182087939
2896,289372.46658737
2897,228930.46737901
2898,152035.417779569
2899,210429.259466404
2900,152781.993123162
2901,209395.090369435
2902,194479.539215932
2903,305074.680497999
2904,342180.691507866
2905,NA
2906,197490.167268337
2907,111760.43021457
2908,116163.684709043
2909,144334.898121495
2910,65464.1984066106
2911,79716.977156204
2912,154100.039027894
2913,76039.5341884464
2914,70032.6611845212
2915,83085.6921428256
2916,81355.5039909238
2917,159813.20331705
2918,109469.001821174
2919,228417.417944811
